{
	"projects": {
		"project": [
		{
			"id" : 100,
			"title" : "1 Automotive Ford Project",
			"description" : "1 Automotive Ford Project details.",
			"relevance" : 100,
			"photoUrls" : {"high":"/high/Ford.png","low":"/low/Ford.png"},
			"industry" : "Automotive",
			"company"  : "Ford"
		},
		{
			"id" : 200,
			"title" : "2 Automotive Ford Project",
			"description" : "2 Automotive Ford Project details",
			"relevance" : 90,
			"photoUrls" : {"high":"/high/Ford.png","low":"/low/Ford.png"},
			"industry" : "Automotive",
			"company"  : "Ford"
		},
		{
			"id" : 300,
			"title" : "3 Automotive Ford Project",
			"description" : "3 Automotive Ford Project details",
			"relevance" : 80,
			"photoUrls" : {"high":"/high/Ford.png","low":"/low/Ford.png"},
			"industry" : "Automotive",
			"company"  : "Ford"
		},
		{
			"id" : 400,
			"title" : "1 Automotive General Motors Project",
			"description" : "1 Automotive General Motors Project details",
			"relevance" : 100,
			"photoUrls" : {"high":"/high/General Motors.png","low":"/low/General Motors.png"},
			"industry" : "Automotive",
			"company"  : "General Motors"
		},
		{
			"id" : 500,
			"title" : "2 Automotive General Motors Project",
			"description" : "2 Automotive General Motors Project details",
			"relevance" : 80,
			"photoUrls" : {"high":"/high/General Motors.png","low":"/low/General Motors.png"},
			"industry" : "Automotive",
			"company"  : "General Motors"
		},
		{
			"id" : 600,
			"title" : "3 Automotive General Motors Project",
			"description" : "3 Automotive General Motors Project details",
			"relevance" : 85,
			"photoUrls" : {"high":"/high/General Motors.png","low":"/low/General Motors.png"},
			"industry" : "Automotive",
			"company"  : "General Motors"
		},
		{
			"id" : 700,
			"title" : "1 Automotive BMW Project",
			"description" : "1 Automotive BMW Project details",
			"relevance" : 100,
			"photoUrls" : {"high":"/high/BMW.png","low":"/low/BMW.png"},
			"industry" : "Automotive",
			"company"  : "BMW"
		},
		{
			"id" : 800,
			"title" : "2 Automotive BMW Project",
			"description" : "2 Automotive BMW Project details",
			"relevance" : 92,
			"photoUrls" : {"high":"/high/BMW.png","low":"/low/BMW.png"},
			"industry" : "Automotive",
			"company"  : "BMW"
		},
		{
			"id" : 900,
			"title" : "3 Automotive BMW Project",
			"description" : "3 Automotive BMW Project details",
			"relevance" : 70,
			"photoUrls" : {"high":"/high/BMW.png","low":"/low/BMW.png"},
			"industry" : "Automotive",
			"company"  : "BMW"
		},
		{
			"id" : 1000,
			"title" : "1 Automotive Tata Motors Project",
			"description" : "1 Automotive Tata Motors Project details",
			"relevance" : 78,
			"photoUrls" : {"high":"/high/Tata Motors.png","low":"/low/Tata Motors.png"},
			"industry" : "Automotive",
			"company"  : "Tata Motors"
		},
		{
			"id" : 1100,
			"title" : "2 Automotive Tata Motors Project",
			"description" : "2 Automotive Tata Motors Project details",
			"relevance" : 85,
			"photoUrls" : {"high":"/high/Tata Motors.png","low":"/low/Tata Motors.png"},
			"industry" : "Automotive",
			"company"  : "Tata Motors"
		},
		{
			"id" : 1200,
			"title" : "3 Automotive Tata Motors Project",
			"description" : "3 Automotive Tata Motors Project details",
			"relevance" : 90,
			"photoUrls" : {"high":"/high/Tata Motors.png","low":"/low/Tata Motors.png"},
			"industry" : "Automotive",
			"company"  : "Tata Motors"
		},
		{
			"id" : 1300,
			"title" : "1 Automotive Saab Project",
			"description" : "1 Automotive Saab Project details",
			"relevance" : 80,
			"photoUrls" : {"high":"/high/Saab.png","low":"/low/Saab.png"},
			"industry" : "Automotive",
			"company"  : "Saab"
		},
		{
			"id" : 1400,
			"title" : "2 Automotive Saab Project",
			"description" : "2 Automotive Saab Project details",
			"relevance" : 90,
			"photoUrls" : {"high":"/high/Saab.png","low":"/low/Saab.png"},
			"industry" : "Automotive",
			"company"  : "Saab"
		},
		{
			"title" 	: "3 Automotive Saab Project",
			"description" : "3 Automotive Saab Project details",
			"relevance" : 70,
			"photoUrls" : {"high":"/high/Saab.png","low":"/low/Ford.png"},
			"industry" : "Automotive",
			"company"  : "Saab"
		},
		{
			"id" : 1600,
			"title" : "1 Telecommunication ATT Project",
			"description" : "1 Telecommunication ATT Project details",
			"relevance" : 100,
			"photoUrls" : {"high":"/high/ATT.png","low":"/low/ATT.png"},
			"industry" : "Telecommunication",
			"company"  : "ATT"
		},
		{
			"id" : 1700,
			"title" : "2 Telecommunication ATT Project",
			"description" : "2 Telecommunication ATT Project details",
			"relevance" : 90,
			"photoUrls" : {"high":"/high/ATT.png","low":"/low/ATT.png"},
			"industry" : "Telecommunication",
			"company"  : "ATT"
		},
		{
			"id" : 1800,
			"title" : "3 Telecommunication ATT Project",
			"description" : "3 Telecommunication ATT Project details",
			"relevance" : 80,
			"photoUrls" : {"high":"/high/ATT.png","low":"/low/ATT.png"},
			"industry" : "Telecommunication",
			"company"  : "ATT"
		},
		{
			"id" : 1900,
			"title" : "1 Telecommunication US Cellular Project",
			"description" : "1 Telecommunication US Cellular Project details",
			"relevance" : 78,
			"photoUrls" : {"high":"/high/US Cellular.png","low":"/low/US Cellular.png"},
			"industry" : "Telecommunication",
			"company"  : "US Cellular"
		},
		{
			"id" : 2000,
			"title" : "2 Telecommunication US Cellular Project",
			"description" : "2 Telecommunication US Cellular Project details",
			"relevance" : 95,
			"photoUrls" : {"high":"/high/US Cellular.png","low":"/low/US Cellular.png"},
			"industry" : "Telecommunication",
			"company"  : "US Cellular"
		},
		{
			"id" : 2100,
			"title" : "3 Telecommunication US Cellular Project",
			"description" : "3 Telecommunication US Cellular Project details",
			"relevance" : 82,
			"photoUrls" : {"high":"/high/US Cellular.png","low":"/low/US Cellular.png"},
			"industry" : "Telecommunication",
			"company"  : "US Cellular"
		},
		{
			"id" : 2200,
			"title" : "1 Telecommunication Verizon Project",
			"description" : "1 Telecommunication Verizon Project details",
			"relevance" : 100,
			"photoUrls" : {"high":"/high/Verizon.png","low":"/low/Verizon.png"},
			"industry" : "Telecommunication",
			"company"  : "Verizon"
		},
		{
			"id" : 2300,
			"title" : "2 Telecommunication Verizon Project",
			"description" : "2 Telecommunication Verizon Project details",
			"relevance" : 90,
			"photoUrls" : {"high":"/high/Verizon.png","low":"/low/Verizon.png"},
			"industry" : "Telecommunication",
			"company"  : "Verizon"
		},
		{
			"id" : 2400,
			"title" : "3 Telecommunication Verizon Project",
			"description" : "3 Telecommunication Verizon Project details",
			"relevance" : 80,
			"photoUrls" : {"high":"/high/Verizon.png","low":"/low/Verizon.png"},
			"industry" : "Telecommunication",
			"company"  : "Verizon"
		},
		{
			"id" : 2500,
			"title" : "1 Telecommunication T-Mobile Project",
			"description" : "1 Telecommunication T-Mobile Project details",
			"relevance" : 95,
			"photoUrls" : {"high":"/high/T-Mobile.png","low":"/low/T-Mobile.png"},
			"industry" : "Telecommunication",
			"company"  : "T-Mobile"
		},
		{
			"id" : 2600,
			"title" : "2 Telecommunication T-Mobile Project",
			"description" : "2 Telecommunication T-Mobile Project details",
			"relevance" : 85,
			"photoUrls" : {"high":"/high/T-Mobile.png","low":"/low/T-Mobile.png"},
			"industry" : "Telecommunication",
			"company"  : "T-Mobile"
		},
		{
			"id" : 2700,
			"title" : "3 Telecommunication T-Mobile Project",
			"description" : "3 Telecommunication T-Mobile Project details",
			"relevance" : 75,
			"photoUrls" : {"high":"/high/T-Mobile.png","low":"/low/T-Mobile.png"},
			"industry" : "Telecommunication",
			"company"  : "T-Mobile"
		},
		{
			"id" : 2800,
			"title" : "1 Telecommunication Sprint Project",
			"description" : "1 Telecommunication Sprint Project details",
			"relevance" : 100,
			"photoUrls" : {"high":"/high/Sprint.png","low":"/low/Sprint.png"},
			"industry" : "Telecommunication",
			"company"  : "Sprint"
		},
		{
			"id" : 2900,
			"title" : "2 Telecommunication Sprint Project",
			"description" : "2 Telecommunication Sprint Project details",
			"relevance" : 95,
			"photoUrls" : {"high":"/high/Sprint.png","low":"/low/Sprint.png"},
			"industry" : "Telecommunication",
			"company"  : "Sprint"
		},
		{
			"id" : 3000,
			"title" : "3 Telecommunication Sprint Project",
			"description" : "3 Telecommunication Sprint Project details",
			"relevance" : 97,
			"photoUrls" : {"high":"/high/Sprint.png","low":"/low/Sprint.png"},
			"industry" : "Telecommunication",
			"company"  : "Sprint"
		},
		{
			"id" : 3100,
			"title" : "1 Retail Macy's Project",
			"description" : "1 Retail Macy's Project details",
			"relevance" : 79,
			"photoUrls" : {"high":"/high/Macys.png","low":"/low/Macys.png"},
			"industry" : "Retail",
			"company"  : "Macy's"
		},
		{
			"id" : 3200,
			"title" : "2 Retail Macy's Project",
			"description" : "2 Retail Macy's Project details",
			"relevance" : 85,
			"photoUrls" : {"high":"/high/Macys.png","low":"/low/Macys.png"},
			"industry" : "Retail",
			"company"  : "Macy's"
		},
		{
			"id" : 3300,
			"title" : "3 Retail Macy's Project",
			"description" : "3 Retail Macy's Project details",
			"relevance" : 90,
			"photoUrls" : {"high":"/high/Macys.png","low":"/low/Macys.png"},
			"industry" : "Retail",
			"company"  : "Macy's"
		},
		{
			"id" : 3400,
			"title" : "1 Retail JC Penney Project",
			"description" : "1 Retail JC Penney Project details",
			"relevance" : 100,
			"photoUrls" : {"high":"/high/JC Penney.png","low":"/low/JC Penney.png"},
			"industry" : "Retail",
			"company"  : "JC Penney"
		},
		{
			"id" : 3500,
			"title" : "2 Retail JC Penney Project",
			"description" : "2 Retail JC Penney Project details",
			"relevance" : 90,
			"photoUrls" : {"high":"/high/JC Penney.png","low":"/low/JC Penney.png"},
			"industry" : "Retail",
			"company"  : "JC Penney"
		},
		{
			"id" : 3600,
			"title" : "3 Retail JC Penney Project",
			"description" : "3 Retail JC Penney Project details",
			"relevance" : 80,
			"photoUrls" : {"high":"/high/JC Penney.png","low":"/low/JC Penney.png"},
			"industry" : "Retail",
			"company"  : "JC Penney"
		},
		{
			"id" : 3700,
			"title" : "1 Retail Kohl's Project",
			"description" : "1 Retail Kohl's Project details",
			"relevance" : 96,
			"photoUrls" : {"high":"/high/Kohls.png","low":"/low/Kohls.png"},
			"industry" : "Retail",
			"company"  : "Kohl's"
		},
		{
			"id" : 3800,
			"title" : "2 Retail Kohl's Project",
			"description" : "2 Retail Kohl's Project details",
			"relevance" : 86,
			"photoUrls" : {"high":"/high/Kohls.png","low":"/low/Kohls.png"},
			"industry" : "Retail",
			"company"  : "Kohl's"
		},
		{
			"id" : 3900,
			"title" : "3 Retail Kohl's Project",
			"description" : "3 Retail Kohl's Project details",
			"relevance" : 76,
			"photoUrls" : {"high":"/high/Kohls.png","low":"/low/Kohls.png"},
			"industry" : "Retail",
			"company"  : "Kohl's"
		},
		{
			"id" : 4000,
			"title" : "1 Retail Dillards Project",
			"description" : "1 Retail Dillards Project details",
			"relevance" : 90,
			"photoUrls" : {"high":"/high/Dillards.png","low":"/low/Dillards.png"},
			"industry" : "Retail",
			"company"  : "Dillards"
		},
		{
			"id" : 4100,
			"title" : "2 Retail Dillards Project",
			"description" : "2 Retail Dillards Project details",
			"relevance" : 80,
			"photoUrls" : {"high":"/high/Dillards.png","low":"/low/Dillards.png"},
			"industry" : "Retail",
			"company"  : "Dillards"
		},
		{
			"id" : 4200,
			"title" : "3 Retail Dillards Project",
			"description" : "3 Retail Dillards Project details",
			"relevance" : 70,
			"photoUrls" : {"high":"/high/Dillards.png","low":"/low/Dillards.png"},
			"industry" : "Retail",
			"company"  : "Dillards"
		},
		{
			"id" : 4300,
			"title" : "1 Retail Nordstorm Project",
			"description" : "1 Retail Nordstorm Project details",
			"relevance" : 100,
			"photoUrls" : {"high":"/high/Nordstorm.png","low":"/low/Nordstorm.png"},
			"industry" : "Retail",
			"company"  : "Nordstorm"
		},
		{
			"id" : 4400,
			"title" : "2 Retail Nordstorm Project",
			"description" : "2 Retail Nordstorm Project details",
			"relevance" : 90,
			"photoUrls" : {"high":"/high/Nordstorm.png","low":"/low/Nordstorm.png"},
			"industry" : "Retail",
			"company"  : "Nordstorm"
		},
		{
			"id" : 4500,
			"title" : "3 Retail Nordstorm Project",
			"description" : "3 Retail Nordstorm Project details",
			"relevance" : 80,
			"photoUrls" : {"high":"/high/Nordstorm.png","low":"/low/Nordstorm.png"},
			"industry" : "Retail",
			"company"  : "Nordstorm"
		},
		{
			"id" : 4600,
			"title" : "1 Retail Ford Project",
			"description" : "1 Retail Ford Project details.",
			"relevance" : 100,
			"photoUrls" : {"high":"/high/Ford.png","low":"/low/Ford.png"},
			"industry" : "Retail",
			"company"  : "Ford"
		},
		{
			"id" : 4700,
			"title" : "2 Retail Ford Project",
			"description" : "2 Retail Ford Project details",
			"relevance" : 90,
			"photoUrls" : {"high":"/high/Ford.png","low":"/low/Ford.png"},
			"industry" : "Retail",
			"company"  : "Ford"
		},
		{
			"id" : 4800,
			"title" : "3 Retail Ford Project",
			"description" : "3 Retail Ford Project details",
			"relevance" : 80,
			"photoUrls" : {"high":"/high/Ford.png","low":"/low/Ford.png"},
			"industry" : "Retail",
			"company"  : "Ford"
		}
    ]
  }
}